cache_miss_pct,commits_per_fdatasync,committer_threads,context_switches,cpu_util_cores,cycles_per_tx,durable_ack_tps,fdatasync_count,flusher_threads,frontier_collect_ns_per_tx,frontier_publish_ns_per_tx,instructions_per_tx,ipc,llc_load_miss_pct,p99_us,pending,system,total_active_threads,waitlist_registration_ns_per_tx,wal_streams,worker_threads,workload
34.97537066666666,1.0009006666666667,0,1535949.6666666667,19.509228333333333,760325.7106183333,65159.083333333336,260402.66666666666,0,0.0,0.0,447343.09700700006,0.5891073333333333,29.031954333333335,512.0,0.0,P-WAL,32,0.0,32,32,YCSB-A
16.572148666666667,1.0001516666666668,0,125696.0,1.2140506666666666,316309.8589136666,9620.5,38476.333333333336,0,0.0,0.0,648779.5576320001,2.0552876666666666,9.748811666666667,4096.0,0.0,Single WAL,32,0.0,1,32,YCSB-A
39.326402333333334,14.491714333333334,1,2971234.0,25.665991333333334,216135.69880266665,295683.1666666667,81647.33333333333,7,30782.842489666666,33400.505291,144297.432652,0.6673286666666667,34.209967666666664,8192.0,1131.0,TideWAL,40,25266.074330666666,7,32,YCSB-A
28.905283333333333,2.488682333333333,0,1423508.6666666667,18.63214333333333,191635.697944,246622.91666666666,396387.0,0,0.0,0.0,108816.31837800001,0.5688073333333333,26.480949666666664,256.0,0.0,P-WAL,32,0.0,32,32,YCSB-B
12.976204000000001,2.4927996666666665,0,136107.66666666666,1.0715986666666666,98355.40888666666,27107.083333333332,43497.0,0,0.0,0.0,157181.53910333334,1.5980483333333335,7.7597890000000005,4096.0,0.0,Single WAL,32,0.0,1,32,YCSB-B
34.82435666666667,17.52567666666667,1,2462420.0,31.148531000000002,145050.530944,542500.25,123764.66666666667,7,11678.921119999999,20556.47371433333,63165.00142366666,0.4362646666666666,30.748312,512.0,74.0,TideWAL,40,3241.4488130000004,7,32,YCSB-B
16.671949666666666,0.0,0,4197.666666666667,40.02944633333333,128225.472481,810788.1666666666,0.0,0,0.0,0.0,28263.529098,0.22062799999999996,16.429406,39.56305083048407,0.0,P-WAL,32,0.0,32,32,YCSB-C
16.989778333333334,0.0,0,4926.666666666667,39.98838,131144.75069699998,791531.5833333334,0.0,0,0.0,0.0,28269.54197733333,0.21565766666666666,16.757016,40.95604200810034,0.0,Single WAL,32,0.0,1,32,YCSB-C
16.97175533333333,0.0,1,35684.0,40.17371266666667,135098.98570533333,772297.25,0.0,7,0.0,0.0,32550.684859,0.24121233333333333,16.275139666666664,40.72999608291991,0.0,TideWAL,40,0.0,7,32,YCSB-C
