workload_mode,workload,system,thread_num,ack_tps,p99_us,pending,frontier_collect_ns_per_tx,frontier_publish_ns_per_tx,fdatasync_ns_per_tx,read_frontier_updates_per_tx,write_frontier_updates_per_tx
ycsb_a,YCSB-A,P-WAL,1,11451.083333333334,128.0,0.0,0.0,0.0,85546.31529766666,0.0,0.0
ycsb_a,YCSB-A,P-WAL,2,18996.25,128.0,0.0,0.0,0.0,96903.35904366667,0.0,0.0
ycsb_a,YCSB-A,P-WAL,4,31832.25,128.0,0.0,0.0,0.0,107118.29007333332,0.0,0.0
ycsb_a,YCSB-A,P-WAL,8,48433.666666666664,256.0,0.0,0.0,0.0,129921.55504666666,0.0,0.0
ycsb_a,YCSB-A,P-WAL,16,59751.083333333336,256.0,0.0,0.0,0.0,208459.23159966667,0.0,0.0
ycsb_a,YCSB-A,P-WAL,32,72196.91666666667,512.0,0.0,0.0,0.0,335013.63178866665,0.0,0.0
ycsb_a,YCSB-A,Single WAL,1,11105.0,90.67210699308625,0.0,0.0,0.0,85791.928649,0.0,0.0
ycsb_a,YCSB-A,Single WAL,2,10846.5,183.43154564006144,0.0,0.0,0.0,88318.76551699999,0.0,0.0
ycsb_a,YCSB-A,Single WAL,4,10804.916666666666,371.8249633984802,0.0,0.0,0.0,88676.17118,0.0,0.0
ycsb_a,YCSB-A,Single WAL,8,10410.0,774.4808558013457,0.0,0.0,0.0,92472.025583,0.0,0.0
ycsb_a,YCSB-A,Single WAL,16,10189.333333333334,1567.666870789957,0.0,0.0,0.0,93452.85125466665,0.0,0.0
ycsb_a,YCSB-A,Single WAL,32,10230.666666666666,3126.832128200117,0.0,0.0,0.0,92670.34571366665,0.0,0.0
ycsb_a,YCSB-A,TideWAL,1,62881.25,256.0,12.666666666666666,1411.4179300000003,2059.845522333333,10760.385024000001,4.990359333333333,5.000187333333333
ycsb_a,YCSB-A,TideWAL,2,94500.25,256.0,21.666666666666668,2152.394148,3106.4267773333336,13481.08157,4.9900036666666665,4.999639000000001
ycsb_a,YCSB-A,TideWAL,4,149290.91666666666,512.0,44.666666666666664,3319.558273,4555.473581666666,19633.249668333334,4.992657,4.996877333333334
ycsb_a,YCSB-A,TideWAL,8,222984.25,8192.0,79.33333333333333,4834.198385333334,6831.943029999999,13468.188401,4.988948,5.000222666666667
ycsb_a,YCSB-A,TideWAL,16,260207.75,32768.0,2045.6666666666667,9005.334549333333,12518.173680333333,12854.783170666668,4.988988333333333,5.0008186666666665
ycsb_a,YCSB-A,TideWAL,32,260662.83333333334,32768.0,7240.333333333333,15346.134116333333,19996.099275666664,12843.922951666667,4.9901919999999995,4.999414333333333
ycsb_c,YCSB-C,P-WAL,1,13238.75,64.0,0.0,0.0,0.0,79129.258838,0.0,0.0
ycsb_c,YCSB-C,P-WAL,2,23470.833333333332,128.0,0.0,0.0,0.0,83618.95280566666,0.0,0.0
ycsb_c,YCSB-C,P-WAL,4,42386.333333333336,128.0,0.0,0.0,0.0,93086.33400799999,0.0,0.0
ycsb_c,YCSB-C,P-WAL,8,74515.0,128.0,0.0,0.0,0.0,102966.68774299999,0.0,0.0
ycsb_c,YCSB-C,P-WAL,16,92633.5,256.0,0.0,0.0,0.0,166650.149296,0.0,0.0
ycsb_c,YCSB-C,P-WAL,32,115256.75,256.0,0.0,0.0,0.0,272459.0576276667,0.0,0.0
ycsb_c,YCSB-C,Single WAL,1,13171.75,77.13073659853451,0.0,0.0,0.0,81007.372688,0.0,0.0
ycsb_c,YCSB-C,Single WAL,2,13420.916666666666,148.91201161513692,0.0,0.0,0.0,79872.62072566667,0.0,0.0
ycsb_c,YCSB-C,Single WAL,4,13420.166666666666,298.46848359356056,0.0,0.0,0.0,79809.34278299999,0.0,0.0
ycsb_c,YCSB-C,Single WAL,8,13274.5,595.3488372093024,0.0,0.0,0.0,80333.840158,0.0,0.0
ycsb_c,YCSB-C,Single WAL,16,12213.666666666666,1311.7442098790737,0.0,0.0,0.0,86511.09069433332,0.0,0.0
ycsb_c,YCSB-C,Single WAL,32,12139.75,2634.3953239483,0.0,0.0,0.0,86576.16305266666,0.0,0.0
ycsb_c,YCSB-C,TideWAL,1,183574.83333333334,1.0,0.0,529.5392406666666,0.0,0.0,0.0,0.0
ycsb_c,YCSB-C,TideWAL,2,264051.6666666667,1.0,0.0,1049.2630403333333,0.0,0.0,0.0,0.0
ycsb_c,YCSB-C,TideWAL,4,489240.75,4.0,0.0,1274.5040626666666,0.0,0.0,0.0,0.0
ycsb_c,YCSB-C,TideWAL,8,718104.5,8.0,0.0,1895.3033993333331,0.0,0.0,0.0,0.0
ycsb_c,YCSB-C,TideWAL,16,800167.5833333334,32.0,0.0,2682.0590293333335,0.0,0.0,0.0,0.0
ycsb_c,YCSB-C,TideWAL,32,757343.25,128.0,0.0,2714.112493,0.0,0.0,0.0,0.0
ycsb_b,YCSB-B,Single WAL,1,13097.85,77.29020539872084,0.0,0.0,0.0,0.0,0.0,0.0
ycsb_b,YCSB-B,P-WAL,1,12741.6,128.0,0.0,0.0,0.0,0.0,0.0,0.0
ycsb_b,YCSB-B,TideWAL,1,85371.111,256.0,7.667,887.079,1466.692,6150.857,3.517713,0.501342
ycsb_b,YCSB-B,Single WAL,2,12774.95,154.56249154736375,0.0,0.0,0.0,0.0,0.0,0.0
ycsb_b,YCSB-B,P-WAL,2,22216.6,128.0,0.0,0.0,0.0,0.0,0.0,0.0
ycsb_b,YCSB-B,TideWAL,2,130804.333,256.0,9.0,1323.826,2096.801,7646.493,3.506061,0.499197
ycsb_b,YCSB-B,Single WAL,4,12814.95,309.4179075614001,0.0,0.0,0.0,0.0,0.0,0.0
ycsb_b,YCSB-B,P-WAL,4,41511.35,128.0,0.0,0.0,0.0,0.0,0.0,0.0
ycsb_b,YCSB-B,TideWAL,4,194043.111,256.0,17.667,2126.358,3163.434,10556.127,3.515068,0.499706
ycsb_b,YCSB-B,Single WAL,8,12340.3,652.3822144298791,0.0,0.0,0.0,0.0,0.0,0.0
ycsb_b,YCSB-B,P-WAL,8,67298.6,128.0,0.0,0.0,0.0,0.0,0.0,0.0
ycsb_b,YCSB-B,TideWAL,8,287434.222,256.0,22.667,3114.272,4482.343,7427.654,3.51285,0.499991
ycsb_b,YCSB-B,Single WAL,16,11950.9,1333.472236691322,0.0,0.0,0.0,0.0,0.0,0.0
ycsb_b,YCSB-B,P-WAL,16,88130.15,256.0,0.0,0.0,0.0,0.0,0.0,0.0
ycsb_b,YCSB-B,TideWAL,16,336633.667,256.0,36.667,6755.209,8366.774,6320.605,3.510709,0.499375
ycsb_b,YCSB-B,Single WAL,32,12022.55,2667.333500041677,0.0,0.0,0.0,0.0,0.0,0.0
ycsb_b,YCSB-B,P-WAL,32,109029.2,512.0,0.0,0.0,0.0,0.0,0.0,0.0
ycsb_b,YCSB-B,TideWAL,32,374002.667,512.0,48.667,14166.481,14776.04,5892.885,3.51418,0.500449
